id,user_name,joined_time,start_time,end_time,status,wait_time,service_time,day_of_week,hour_of_day,wait_time_minutes,service_time_minutes,is_weekend,is_peak_hour
1,Casey Brown,2025-08-01 09:14:07,2025-08-01 09:23:07,2025-08-01 09:28:07,completed,9,5,Friday,9,9.0,5.0,0,0
2,Riley Miller,2025-08-01 15:06:57,2025-08-01 15:07:57,2025-08-01 15:22:57,cancelled,1,15,Friday,15,1.0,15.0,0,0
3,Jamie Davis,2025-08-01 10:51:44,2025-08-01 10:52:44,2025-08-01 11:00:44,cancelled,1,8,Friday,10,1.0,8.0,0,0
4,Chris Davis,2025-08-01 08:36:36,2025-08-01 08:37:36,2025-08-01 08:42:36,missed,1,5,Friday,8,1.0,5.0,0,0
5,Sam Wilson,2025-08-01 08:20:06,2025-08-01 08:28:06,2025-08-01 08:34:06,completed,8,6,Friday,8,8.0,6.0,0,0
6,Jamie Davis,2025-08-01 09:13:23,2025-08-01 09:15:23,2025-08-01 09:24:23,missed,2,9,Friday,9,2.0,9.0,0,0
7,Alex Taylor,2025-08-01 12:34:21,2025-08-01 12:44:21,2025-08-01 12:51:21,cancelled,10,7,Friday,12,10.0,7.0,0,1
8,Alex Brown,2025-08-01 12:51:16,2025-08-01 13:01:16,2025-08-01 13:11:16,completed,10,10,Friday,12,10.0,10.0,0,1
9,Jamie Hall,2025-08-01 15:46:48,2025-08-01 15:53:48,2025-08-01 16:01:48,completed,7,8,Friday,15,7.0,8.0,0,0
10,Taylor Lewis,2025-08-01 12:02:06,2025-08-01 12:10:06,2025-08-01 12:17:06,missed,8,7,Friday,12,8.0,7.0,0,1
11,Morgan Moore,2025-08-01 11:56:15,2025-08-01 12:00:15,2025-08-01 12:02:15,completed,4,2,Friday,11,4.0,2.0,0,1
12,Drew Hall,2025-08-01 17:41:35,2025-08-01 17:48:35,2025-08-01 17:53:35,missed,7,5,Friday,17,7.0,5.0,0,1
13,Taylor Smith,2025-08-01 10:47:35,2025-08-01 10:49:35,2025-08-01 10:59:35,completed,2,10,Friday,10,2.0,10.0,0,0
14,Drew Hall,2025-08-01 09:27:00,2025-08-01 09:30:00,2025-08-01 09:40:00,cancelled,3,10,Friday,9,3.0,10.0,0,0
15,Morgan Davis,2025-08-01 16:47:31,2025-08-01 16:49:31,2025-08-01 16:57:31,cancelled,2,8,Friday,16,2.0,8.0,0,0
16,Jordan Miller,2025-07-31 10:18:29,2025-07-31 10:26:29,2025-07-31 10:33:29,cancelled,8,7,Thursday,10,8.0,7.0,0,0
17,Jamie Smith,2025-07-31 16:14:31,2025-07-31 16:18:31,2025-07-31 16:24:31,cancelled,4,6,Thursday,16,4.0,6.0,0,0
18,Taylor Moore,2025-07-31 12:21:40,2025-07-31 12:30:40,2025-07-31 12:43:40,missed,9,13,Thursday,12,9.0,13.0,0,1
19,Riley Lewis,2025-07-31 08:44:58,2025-07-31 08:49:58,2025-07-31 08:51:58,completed,5,2,Thursday,8,5.0,2.0,0,0
20,Morgan Davis,2025-07-31 15:05:45,2025-07-31 15:12:45,2025-07-31 15:14:45,missed,7,2,Thursday,15,7.0,2.0,0,0
21,Riley Moore,2025-07-31 11:43:30,2025-07-31 11:46:30,2025-07-31 11:57:30,missed,3,11,Thursday,11,3.0,11.0,0,1
22,Morgan Moore,2025-07-31 08:40:17,2025-07-31 08:42:17,2025-07-31 08:51:17,missed,2,9,Thursday,8,2.0,9.0,0,0
23,Casey Smith,2025-07-31 09:41:57,2025-07-31 09:44:57,2025-07-31 09:48:57,cancelled,3,4,Thursday,9,3.0,4.0,0,0
24,Sam Miller,2025-07-31 17:44:06,2025-07-31 17:48:06,2025-07-31 17:50:06,missed,4,2,Thursday,17,4.0,2.0,0,1
25,Taylor Moore,2025-07-31 17:02:42,2025-07-31 17:08:42,2025-07-31 17:10:42,missed,6,2,Thursday,17,6.0,2.0,0,1
26,Chris Smith,2025-07-31 11:55:42,2025-07-31 11:59:42,2025-07-31 12:14:42,completed,4,15,Thursday,11,4.0,15.0,0,1
27,Jordan Davis,2025-07-31 09:30:29,2025-07-31 09:38:29,2025-07-31 09:51:29,completed,8,13,Thursday,9,8.0,13.0,0,0
28,Sam Taylor,2025-07-31 15:36:08,2025-07-31 15:45:08,2025-07-31 15:52:08,cancelled,9,7,Thursday,15,9.0,7.0,0,0
29,Sam Lewis,2025-07-31 14:27:44,2025-07-31 14:30:44,2025-07-31 14:36:44,completed,3,6,Thursday,14,3.0,6.0,0,0
30,Taylor Lewis,2025-07-31 10:56:56,2025-07-31 11:02:56,2025-07-31 11:07:56,completed,6,5,Thursday,10,6.0,5.0,0,0
31,Morgan Taylor,2025-07-30 16:56:04,2025-07-30 17:04:04,2025-07-30 17:17:04,missed,8,13,Wednesday,16,8.0,13.0,0,0
32,Jamie Taylor,2025-07-30 12:43:58,2025-07-30 12:50:58,2025-07-30 13:00:58,missed,7,10,Wednesday,12,7.0,10.0,0,1
33,Taylor Clark,2025-07-30 08:06:13,2025-07-30 08:16:13,2025-07-30 08:22:13,missed,10,6,Wednesday,8,10.0,6.0,0,0
34,Chris Miller,2025-07-30 10:04:19,2025-07-30 10:06:19,2025-07-30 10:19:19,completed,2,13,Wednesday,10,2.0,13.0,0,0
35,Jamie Hall,2025-07-30 16:27:56,2025-07-30 16:30:56,2025-07-30 16:44:56,missed,3,14,Wednesday,16,3.0,14.0,0,0
36,Chris Miller,2025-07-30 15:03:17,2025-07-30 15:10:17,2025-07-30 15:13:17,missed,7,3,Wednesday,15,7.0,3.0,0,0
37,Taylor Wilson,2025-07-30 08:34:51,2025-07-30 08:44:51,2025-07-30 08:57:51,missed,10,13,Wednesday,8,10.0,13.0,0,0
38,Taylor Davis,2025-07-30 16:20:15,2025-07-30 16:26:15,2025-07-30 16:37:15,completed,6,11,Wednesday,16,6.0,11.0,0,0
39,Riley Taylor,2025-07-30 14:53:26,2025-07-30 14:56:26,2025-07-30 15:00:26,missed,3,4,Wednesday,14,3.0,4.0,0,0
40,Sam Hall,2025-07-30 12:38:35,2025-07-30 12:43:35,2025-07-30 12:58:35,completed,5,15,Wednesday,12,5.0,15.0,0,1
41,Drew Davis,2025-07-30 17:32:14,2025-07-30 17:40:14,2025-07-30 17:51:14,completed,8,11,Wednesday,17,8.0,11.0,0,1
42,Casey Miller,2025-07-30 08:28:02,2025-07-30 08:38:02,2025-07-30 08:49:02,cancelled,10,11,Wednesday,8,10.0,11.0,0,0
43,Chris Moore,2025-07-30 10:53:29,2025-07-30 10:54:29,2025-07-30 11:09:29,completed,1,15,Wednesday,10,1.0,15.0,0,0
44,Casey Taylor,2025-07-30 12:11:47,2025-07-30 12:14:47,2025-07-30 12:22:47,completed,3,8,Wednesday,12,3.0,8.0,0,1
45,Drew Wilson,2025-07-30 16:57:43,2025-07-30 16:58:43,2025-07-30 17:06:43,cancelled,1,8,Wednesday,16,1.0,8.0,0,0
46,Taylor Davis,2025-07-29 10:49:26,2025-07-29 10:55:26,2025-07-29 11:08:26,completed,6,13,Tuesday,10,6.0,13.0,0,0
47,Chris Miller,2025-07-29 16:55:05,2025-07-29 16:57:05,2025-07-29 17:05:05,completed,2,8,Tuesday,16,2.0,8.0,0,0
48,Casey Clark,2025-07-29 12:10:15,2025-07-29 12:13:15,2025-07-29 12:15:15,completed,3,2,Tuesday,12,3.0,2.0,0,1
49,Casey Brown,2025-07-29 09:07:06,2025-07-29 09:09:06,2025-07-29 09:18:06,missed,2,9,Tuesday,9,2.0,9.0,0,0
50,Drew Taylor,2025-07-29 10:36:01,2025-07-29 10:46:01,2025-07-29 10:56:01,missed,10,10,Tuesday,10,10.0,10.0,0,0
51,Morgan Hall,2025-07-29 15:17:12,2025-07-29 15:27:12,2025-07-29 15:35:12,completed,10,8,Tuesday,15,10.0,8.0,0,0
52,Casey Wilson,2025-07-29 08:59:41,2025-07-29 09:04:41,2025-07-29 09:17:41,completed,5,13,Tuesday,8,5.0,13.0,0,0
53,Morgan Clark,2025-07-29 08:30:30,2025-07-29 08:39:30,2025-07-29 08:48:30,cancelled,9,9,Tuesday,8,9.0,9.0,0,0
54,Alex Taylor,2025-07-29 16:57:54,2025-07-29 17:04:54,2025-07-29 17:09:54,missed,7,5,Tuesday,16,7.0,5.0,0,0
55,Jordan Davis,2025-07-29 17:18:20,2025-07-29 17:25:20,2025-07-29 17:29:20,completed,7,4,Tuesday,17,7.0,4.0,0,1
56,Jordan Clark,2025-07-29 15:39:35,2025-07-29 15:47:35,2025-07-29 15:50:35,cancelled,8,3,Tuesday,15,8.0,3.0,0,0
57,Morgan Clark,2025-07-29 17:29:38,2025-07-29 17:39:38,2025-07-29 17:43:38,cancelled,10,4,Tuesday,17,10.0,4.0,0,1
58,Taylor Clark,2025-07-29 11:05:38,2025-07-29 11:11:38,2025-07-29 11:16:38,missed,6,5,Tuesday,11,6.0,5.0,0,1
59,Casey Clark,2025-07-29 08:55:45,2025-07-29 08:56:45,2025-07-29 09:00:45,completed,1,4,Tuesday,8,1.0,4.0,0,0
60,Casey Taylor,2025-07-29 12:41:37,2025-07-29 12:43:37,2025-07-29 12:49:37,cancelled,2,6,Tuesday,12,2.0,6.0,0,1
61,Alex Clark,2025-07-28 12:55:51,2025-07-28 12:59:51,2025-07-28 13:13:51,missed,4,14,Monday,12,4.0,14.0,0,1
62,Sam Lewis,2025-07-28 15:17:00,2025-07-28 15:18:00,2025-07-28 15:30:00,cancelled,1,12,Monday,15,1.0,12.0,0,0
63,Chris Clark,2025-07-28 12:22:34,2025-07-28 12:23:34,2025-07-28 12:27:34,cancelled,1,4,Monday,12,1.0,4.0,0,1
64,Chris Smith,2025-07-28 09:25:03,2025-07-28 09:30:03,2025-07-28 09:34:03,completed,5,4,Monday,9,5.0,4.0,0,0
65,Casey Taylor,2025-07-28 12:56:25,2025-07-28 12:57:25,2025-07-28 13:10:25,cancelled,1,13,Monday,12,1.0,13.0,0,1
66,Taylor Taylor,2025-07-28 15:03:42,2025-07-28 15:12:42,2025-07-28 15:22:42,cancelled,9,10,Monday,15,9.0,10.0,0,0
67,Alex Smith,2025-07-28 08:54:09,2025-07-28 08:59:09,2025-07-28 09:06:09,cancelled,5,7,Monday,8,5.0,7.0,0,0
68,Chris Taylor,2025-07-28 08:58:18,2025-07-28 09:08:18,2025-07-28 09:13:18,completed,10,5,Monday,8,10.0,5.0,0,0
69,Riley Smith,2025-07-28 10:28:52,2025-07-28 10:35:52,2025-07-28 10:39:52,completed,7,4,Monday,10,7.0,4.0,0,0
70,Jamie Smith,2025-07-28 16:00:34,2025-07-28 16:09:34,2025-07-28 16:19:34,missed,9,10,Monday,16,9.0,10.0,0,0
71,Taylor Clark,2025-07-28 15:03:06,2025-07-28 15:08:06,2025-07-28 15:15:06,cancelled,5,7,Monday,15,5.0,7.0,0,0
72,Jordan Smith,2025-07-28 14:52:57,2025-07-28 14:59:57,2025-07-28 15:12:57,missed,7,13,Monday,14,7.0,13.0,0,0
73,Morgan Smith,2025-07-28 08:40:44,2025-07-28 08:44:44,2025-07-28 08:56:44,missed,4,12,Monday,8,4.0,12.0,0,0
74,Jamie Lewis,2025-07-28 09:01:29,2025-07-28 09:06:29,2025-07-28 09:15:29,cancelled,5,9,Monday,9,5.0,9.0,0,0
75,Sam Hall,2025-07-28 17:10:18,2025-07-28 17:16:18,2025-07-28 17:27:18,cancelled,6,11,Monday,17,6.0,11.0,0,1
76,Drew Moore,2025-07-27 08:36:22,2025-07-27 08:44:22,2025-07-27 08:48:22,completed,8,4,Sunday,8,8.0,4.0,1,0
77,Casey Lewis,2025-07-27 09:37:59,2025-07-27 09:45:59,2025-07-27 09:48:59,completed,8,3,Sunday,9,8.0,3.0,1,0
78,Taylor Hall,2025-07-27 09:01:41,2025-07-27 09:07:41,2025-07-27 09:13:41,missed,6,6,Sunday,9,6.0,6.0,1,0
79,Jamie Lewis,2025-07-27 11:08:57,2025-07-27 11:16:57,2025-07-27 11:25:57,completed,8,9,Sunday,11,8.0,9.0,1,1
80,Drew Davis,2025-07-27 08:21:54,2025-07-27 08:31:54,2025-07-27 08:43:54,completed,10,12,Sunday,8,10.0,12.0,1,0
81,Drew Taylor,2025-07-27 12:39:33,2025-07-27 12:48:33,2025-07-27 12:57:33,missed,9,9,Sunday,12,9.0,9.0,1,1
82,Taylor Taylor,2025-07-27 12:04:32,2025-07-27 12:09:32,2025-07-27 12:16:32,cancelled,5,7,Sunday,12,5.0,7.0,1,1
83,Drew Taylor,2025-07-27 09:24:34,2025-07-27 09:28:34,2025-07-27 09:35:34,cancelled,4,7,Sunday,9,4.0,7.0,1,0
84,Morgan Hall,2025-07-27 11:44:55,2025-07-27 11:51:55,2025-07-27 12:00:55,completed,7,9,Sunday,11,7.0,9.0,1,1
85,Taylor Lewis,2025-07-27 10:27:15,2025-07-27 10:37:15,2025-07-27 10:40:15,completed,10,3,Sunday,10,10.0,3.0,1,0
86,Taylor Wilson,2025-07-27 09:51:54,2025-07-27 09:55:54,2025-07-27 09:58:54,cancelled,4,3,Sunday,9,4.0,3.0,1,0
87,Morgan Taylor,2025-07-27 16:44:36,2025-07-27 16:46:36,2025-07-27 16:48:36,missed,2,2,Sunday,16,2.0,2.0,1,0
88,Chris Davis,2025-07-27 17:20:17,2025-07-27 17:23:17,2025-07-27 17:35:17,completed,3,12,Sunday,17,3.0,12.0,1,1
89,Sam Davis,2025-07-27 08:51:39,2025-07-27 08:54:39,2025-07-27 09:06:39,cancelled,3,12,Sunday,8,3.0,12.0,1,0
90,Chris Clark,2025-07-27 10:53:37,2025-07-27 11:00:37,2025-07-27 11:04:37,cancelled,7,4,Sunday,10,7.0,4.0,1,0
91,Morgan Brown,2025-07-26 08:28:43,2025-07-26 08:34:43,2025-07-26 08:44:43,cancelled,6,10,Saturday,8,6.0,10.0,1,0
92,Casey Hall,2025-07-26 10:16:20,2025-07-26 10:21:20,2025-07-26 10:26:20,cancelled,5,5,Saturday,10,5.0,5.0,1,0
93,Taylor Davis,2025-07-26 11:27:40,2025-07-26 11:34:40,2025-07-26 11:40:40,completed,7,6,Saturday,11,7.0,6.0,1,1
94,Taylor Davis,2025-07-26 16:28:20,2025-07-26 16:31:20,2025-07-26 16:44:20,cancelled,3,13,Saturday,16,3.0,13.0,1,0
95,Riley Taylor,2025-07-26 15:06:29,2025-07-26 15:16:29,2025-07-26 15:30:29,cancelled,10,14,Saturday,15,10.0,14.0,1,0
96,Jamie Lewis,2025-07-26 10:29:02,2025-07-26 10:30:02,2025-07-26 10:34:02,missed,1,4,Saturday,10,1.0,4.0,1,0
97,Drew Clark,2025-07-26 17:56:15,2025-07-26 17:57:15,2025-07-26 18:00:15,completed,1,3,Saturday,17,1.0,3.0,1,1
98,Riley Taylor,2025-07-26 12:10:45,2025-07-26 12:13:45,2025-07-26 12:21:45,completed,3,8,Saturday,12,3.0,8.0,1,1
99,Jordan Hall,2025-07-26 10:32:02,2025-07-26 10:33:02,2025-07-26 10:40:02,completed,1,7,Saturday,10,1.0,7.0,1,0
100,Jordan Brown,2025-07-26 17:08:01,2025-07-26 17:15:01,2025-07-26 17:26:01,cancelled,7,11,Saturday,17,7.0,11.0,1,1
101,Alex Smith,2025-07-26 15:23:05,2025-07-26 15:29:05,2025-07-26 15:31:05,missed,6,2,Saturday,15,6.0,2.0,1,0
102,Chris Taylor,2025-07-26 09:10:47,2025-07-26 09:11:47,2025-07-26 09:13:47,completed,1,2,Saturday,9,1.0,2.0,1,0
103,Drew Clark,2025-07-26 12:51:48,2025-07-26 12:56:48,2025-07-26 12:58:48,completed,5,2,Saturday,12,5.0,2.0,1,1
104,Taylor Brown,2025-07-26 16:04:39,2025-07-26 16:07:39,2025-07-26 16:10:39,missed,3,3,Saturday,16,3.0,3.0,1,0
105,Jamie Wilson,2025-07-26 15:21:49,2025-07-26 15:25:49,2025-07-26 15:29:49,completed,4,4,Saturday,15,4.0,4.0,1,0
106,Sam Smith,2025-07-25 08:33:26,2025-07-25 08:39:26,2025-07-25 08:50:26,cancelled,6,11,Friday,8,6.0,11.0,0,0
107,Jamie Hall,2025-07-25 09:21:34,2025-07-25 09:22:34,2025-07-25 09:31:34,completed,1,9,Friday,9,1.0,9.0,0,0
108,Alex Miller,2025-07-25 09:23:49,2025-07-25 09:28:49,2025-07-25 09:35:49,missed,5,7,Friday,9,5.0,7.0,0,0
109,Riley Hall,2025-07-25 10:53:05,2025-07-25 10:57:05,2025-07-25 11:03:05,missed,4,6,Friday,10,4.0,6.0,0,0
110,Casey Wilson,2025-07-25 14:27:22,2025-07-25 14:30:22,2025-07-25 14:40:22,missed,3,10,Friday,14,3.0,10.0,0,0
111,Jamie Lewis,2025-07-25 11:02:55,2025-07-25 11:06:55,2025-07-25 11:18:55,completed,4,12,Friday,11,4.0,12.0,0,1
112,Drew Lewis,2025-07-25 12:05:15,2025-07-25 12:09:15,2025-07-25 12:17:15,missed,4,8,Friday,12,4.0,8.0,0,1
113,Alex Hall,2025-07-25 09:25:47,2025-07-25 09:28:47,2025-07-25 09:32:47,missed,3,4,Friday,9,3.0,4.0,0,0
114,Jamie Taylor,2025-07-25 14:49:17,2025-07-25 14:59:17,2025-07-25 15:13:17,cancelled,10,14,Friday,14,10.0,14.0,0,0
115,Morgan Smith,2025-07-25 16:09:58,2025-07-25 16:11:58,2025-07-25 16:13:58,missed,2,2,Friday,16,2.0,2.0,0,0
116,Casey Taylor,2025-07-25 14:38:04,2025-07-25 14:43:04,2025-07-25 14:52:04,cancelled,5,9,Friday,14,5.0,9.0,0,0
117,Sam Hall,2025-07-25 17:53:40,2025-07-25 18:00:40,2025-07-25 18:12:40,missed,7,12,Friday,17,7.0,12.0,0,1
118,Riley Brown,2025-07-25 12:52:07,2025-07-25 12:54:07,2025-07-25 13:07:07,completed,2,13,Friday,12,2.0,13.0,0,1
119,Riley Hall,2025-07-25 15:33:19,2025-07-25 15:34:19,2025-07-25 15:38:19,missed,1,4,Friday,15,1.0,4.0,0,0
120,Jamie Hall,2025-07-25 11:19:43,2025-07-25 11:28:43,2025-07-25 11:41:43,cancelled,9,13,Friday,11,9.0,13.0,0,1
121,Morgan Clark,2025-07-24 09:34:57,2025-07-24 09:36:57,2025-07-24 09:47:57,completed,2,11,Thursday,9,2.0,11.0,0,0
122,Drew Clark,2025-07-24 15:14:29,2025-07-24 15:20:29,2025-07-24 15:27:29,cancelled,6,7,Thursday,15,6.0,7.0,0,0
123,Sam Davis,2025-07-24 15:04:15,2025-07-24 15:12:15,2025-07-24 15:14:15,completed,8,2,Thursday,15,8.0,2.0,0,0
124,Morgan Wilson,2025-07-24 12:21:48,2025-07-24 12:27:48,2025-07-24 12:34:48,completed,6,7,Thursday,12,6.0,7.0,0,1
125,Morgan Lewis,2025-07-24 16:47:04,2025-07-24 16:56:04,2025-07-24 17:03:04,completed,9,7,Thursday,16,9.0,7.0,0,0
126,Drew Brown,2025-07-24 14:16:59,2025-07-24 14:20:59,2025-07-24 14:27:59,cancelled,4,7,Thursday,14,4.0,7.0,0,0
127,Jamie Moore,2025-07-24 10:22:21,2025-07-24 10:32:21,2025-07-24 10:38:21,cancelled,10,6,Thursday,10,10.0,6.0,0,0
128,Sam Clark,2025-07-24 15:02:40,2025-07-24 15:12:40,2025-07-24 15:24:40,cancelled,10,12,Thursday,15,10.0,12.0,0,0
129,Morgan Davis,2025-07-24 16:36:36,2025-07-24 16:42:36,2025-07-24 16:52:36,cancelled,6,10,Thursday,16,6.0,10.0,0,0
130,Morgan Brown,2025-07-24 08:12:07,2025-07-24 08:14:07,2025-07-24 08:20:07,completed,2,6,Thursday,8,2.0,6.0,0,0
131,Jordan Brown,2025-07-24 16:15:56,2025-07-24 16:21:56,2025-07-24 16:28:56,cancelled,6,7,Thursday,16,6.0,7.0,0,0
132,Taylor Wilson,2025-07-24 10:10:18,2025-07-24 10:19:18,2025-07-24 10:22:18,missed,9,3,Thursday,10,9.0,3.0,0,0
133,Jordan Brown,2025-07-24 15:40:00,2025-07-24 15:46:00,2025-07-24 15:56:00,completed,6,10,Thursday,15,6.0,10.0,0,0
134,Sam Clark,2025-07-24 11:07:38,2025-07-24 11:16:38,2025-07-24 11:20:38,completed,9,4,Thursday,11,9.0,4.0,0,1
135,Riley Clark,2025-07-24 11:36:04,2025-07-24 11:41:04,2025-07-24 11:45:04,cancelled,5,4,Thursday,11,5.0,4.0,0,1
136,Chris Brown,2025-07-23 11:37:34,2025-07-23 11:38:34,2025-07-23 11:44:34,completed,1,6,Wednesday,11,1.0,6.0,0,1
137,Drew Brown,2025-07-23 09:38:12,2025-07-23 09:43:12,2025-07-23 09:50:12,missed,5,7,Wednesday,9,5.0,7.0,0,0
138,Jamie Lewis,2025-07-23 08:33:31,2025-07-23 08:41:31,2025-07-23 08:50:31,missed,8,9,Wednesday,8,8.0,9.0,0,0
139,Chris Hall,2025-07-23 12:49:36,2025-07-23 12:50:36,2025-07-23 12:53:36,completed,1,3,Wednesday,12,1.0,3.0,0,1
140,Taylor Taylor,2025-07-23 15:15:33,2025-07-23 15:19:33,2025-07-23 15:24:33,completed,4,5,Wednesday,15,4.0,5.0,0,0
141,Jamie Wilson,2025-07-23 14:56:27,2025-07-23 15:04:27,2025-07-23 15:16:27,completed,8,12,Wednesday,14,8.0,12.0,0,0
142,Morgan Moore,2025-07-23 10:28:33,2025-07-23 10:29:33,2025-07-23 10:35:33,completed,1,6,Wednesday,10,1.0,6.0,0,0
143,Taylor Hall,2025-07-23 17:43:01,2025-07-23 17:53:01,2025-07-23 17:58:01,cancelled,10,5,Wednesday,17,10.0,5.0,0,1
144,Chris Miller,2025-07-23 08:41:04,2025-07-23 08:49:04,2025-07-23 08:54:04,cancelled,8,5,Wednesday,8,8.0,5.0,0,0
145,Casey Clark,2025-07-23 16:29:47,2025-07-23 16:36:47,2025-07-23 16:50:47,cancelled,7,14,Wednesday,16,7.0,14.0,0,0
146,Jordan Moore,2025-07-23 16:47:02,2025-07-23 16:49:02,2025-07-23 16:53:02,missed,2,4,Wednesday,16,2.0,4.0,0,0
147,Morgan Taylor,2025-07-23 09:16:26,2025-07-23 09:24:26,2025-07-23 09:35:26,cancelled,8,11,Wednesday,9,8.0,11.0,0,0
148,Drew Lewis,2025-07-23 08:24:42,2025-07-23 08:26:42,2025-07-23 08:38:42,completed,2,12,Wednesday,8,2.0,12.0,0,0
149,Sam Davis,2025-07-23 08:41:03,2025-07-23 08:42:03,2025-07-23 08:48:03,missed,1,6,Wednesday,8,1.0,6.0,0,0
150,Chris Moore,2025-07-23 17:58:23,2025-07-23 18:05:23,2025-07-23 18:11:23,missed,7,6,Wednesday,17,7.0,6.0,0,1
151,Sam Moore,2025-07-22 12:23:58,2025-07-22 12:24:58,2025-07-22 12:33:58,cancelled,1,9,Tuesday,12,1.0,9.0,0,1
152,Riley Wilson,2025-07-22 17:17:09,2025-07-22 17:22:09,2025-07-22 17:31:09,missed,5,9,Tuesday,17,5.0,9.0,0,1
153,Alex Smith,2025-07-22 08:04:49,2025-07-22 08:14:49,2025-07-22 08:24:49,completed,10,10,Tuesday,8,10.0,10.0,0,0
154,Morgan Smith,2025-07-22 14:12:28,2025-07-22 14:14:28,2025-07-22 14:23:28,cancelled,2,9,Tuesday,14,2.0,9.0,0,0
155,Chris Hall,2025-07-22 11:23:36,2025-07-22 11:28:36,2025-07-22 11:30:36,completed,5,2,Tuesday,11,5.0,2.0,0,1
156,Taylor Wilson,2025-07-22 09:03:17,2025-07-22 09:05:17,2025-07-22 09:09:17,completed,2,4,Tuesday,9,2.0,4.0,0,0
157,Casey Taylor,2025-07-22 08:57:38,2025-07-22 09:04:38,2025-07-22 09:09:38,cancelled,7,5,Tuesday,8,7.0,5.0,0,0
158,Taylor Lewis,2025-07-22 08:19:29,2025-07-22 08:27:29,2025-07-22 08:40:29,missed,8,13,Tuesday,8,8.0,13.0,0,0
159,Jamie Hall,2025-07-22 10:47:44,2025-07-22 10:49:44,2025-07-22 11:00:44,cancelled,2,11,Tuesday,10,2.0,11.0,0,0
160,Morgan Taylor,2025-07-22 11:22:04,2025-07-22 11:23:04,2025-07-22 11:34:04,completed,1,11,Tuesday,11,1.0,11.0,0,1
161,Jordan Moore,2025-07-22 17:47:03,2025-07-22 17:50:03,2025-07-22 18:05:03,missed,3,15,Tuesday,17,3.0,15.0,0,1
162,Jordan Moore,2025-07-22 11:26:03,2025-07-22 11:36:03,2025-07-22 11:48:03,missed,10,12,Tuesday,11,10.0,12.0,0,1
163,Casey Wilson,2025-07-22 17:22:33,2025-07-22 17:29:33,2025-07-22 17:43:33,missed,7,14,Tuesday,17,7.0,14.0,0,1
164,Morgan Lewis,2025-07-22 10:20:47,2025-07-22 10:21:47,2025-07-22 10:33:47,cancelled,1,12,Tuesday,10,1.0,12.0,0,0
165,Morgan Lewis,2025-07-22 16:50:42,2025-07-22 16:57:42,2025-07-22 17:10:42,completed,7,13,Tuesday,16,7.0,13.0,0,0
166,Chris Smith,2025-07-21 10:48:20,2025-07-21 10:51:20,2025-07-21 11:05:20,completed,3,14,Monday,10,3.0,14.0,0,0
167,Sam Lewis,2025-07-21 15:03:49,2025-07-21 15:09:49,2025-07-21 15:15:49,missed,6,6,Monday,15,6.0,6.0,0,0
168,Sam Clark,2025-07-21 15:48:12,2025-07-21 15:53:12,2025-07-21 16:05:12,completed,5,12,Monday,15,5.0,12.0,0,0
169,Drew Davis,2025-07-21 12:19:41,2025-07-21 12:28:41,2025-07-21 12:43:41,cancelled,9,15,Monday,12,9.0,15.0,0,1
170,Jamie Smith,2025-07-21 15:54:00,2025-07-21 16:03:00,2025-07-21 16:05:00,missed,9,2,Monday,15,9.0,2.0,0,0
171,Drew Taylor,2025-07-21 17:19:45,2025-07-21 17:28:45,2025-07-21 17:40:45,cancelled,9,12,Monday,17,9.0,12.0,0,1
172,Jordan Lewis,2025-07-21 08:16:44,2025-07-21 08:25:44,2025-07-21 08:29:44,missed,9,4,Monday,8,9.0,4.0,0,0
173,Sam Lewis,2025-07-21 09:57:00,2025-07-21 10:01:00,2025-07-21 10:13:00,missed,4,12,Monday,9,4.0,12.0,0,0
174,Casey Clark,2025-07-21 08:30:55,2025-07-21 08:32:55,2025-07-21 08:47:55,completed,2,15,Monday,8,2.0,15.0,0,0
175,Alex Moore,2025-07-21 11:16:00,2025-07-21 11:23:00,2025-07-21 11:28:00,missed,7,5,Monday,11,7.0,5.0,0,1
176,Drew Brown,2025-07-21 14:52:18,2025-07-21 14:55:18,2025-07-21 15:08:18,completed,3,13,Monday,14,3.0,13.0,0,0
177,Morgan Taylor,2025-07-21 17:38:44,2025-07-21 17:41:44,2025-07-21 17:46:44,completed,3,5,Monday,17,3.0,5.0,0,1
178,Sam Davis,2025-07-21 08:32:53,2025-07-21 08:39:53,2025-07-21 08:49:53,missed,7,10,Monday,8,7.0,10.0,0,0
179,Casey Miller,2025-07-21 16:55:16,2025-07-21 17:05:16,2025-07-21 17:11:16,missed,10,6,Monday,16,10.0,6.0,0,0
180,Jordan Davis,2025-07-21 11:01:26,2025-07-21 11:06:26,2025-07-21 11:21:26,cancelled,5,15,Monday,11,5.0,15.0,0,1
181,Alex Hall,2025-07-20 16:30:10,2025-07-20 16:39:10,2025-07-20 16:43:10,missed,9,4,Sunday,16,9.0,4.0,1,0
182,Taylor Wilson,2025-07-20 10:43:07,2025-07-20 10:47:07,2025-07-20 10:50:07,completed,4,3,Sunday,10,4.0,3.0,1,0
183,Taylor Wilson,2025-07-20 14:09:48,2025-07-20 14:18:48,2025-07-20 14:23:48,missed,9,5,Sunday,14,9.0,5.0,1,0
184,Taylor Smith,2025-07-20 12:18:47,2025-07-20 12:23:47,2025-07-20 12:37:47,completed,5,14,Sunday,12,5.0,14.0,1,1
185,Chris Clark,2025-07-20 08:15:47,2025-07-20 08:23:47,2025-07-20 08:25:47,completed,8,2,Sunday,8,8.0,2.0,1,0
186,Drew Brown,2025-07-20 14:57:53,2025-07-20 15:05:53,2025-07-20 15:16:53,missed,8,11,Sunday,14,8.0,11.0,1,0
187,Jamie Clark,2025-07-20 08:33:05,2025-07-20 08:38:05,2025-07-20 08:41:05,completed,5,3,Sunday,8,5.0,3.0,1,0
188,Alex Wilson,2025-07-20 17:51:35,2025-07-20 17:59:35,2025-07-20 18:11:35,missed,8,12,Sunday,17,8.0,12.0,1,1
189,Alex Hall,2025-07-20 09:53:44,2025-07-20 09:55:44,2025-07-20 10:01:44,completed,2,6,Sunday,9,2.0,6.0,1,0
190,Jamie Clark,2025-07-20 11:34:11,2025-07-20 11:39:11,2025-07-20 11:48:11,missed,5,9,Sunday,11,5.0,9.0,1,1
191,Sam Moore,2025-07-20 11:52:25,2025-07-20 12:01:25,2025-07-20 12:16:25,cancelled,9,15,Sunday,11,9.0,15.0,1,1
192,Jordan Moore,2025-07-20 17:43:26,2025-07-20 17:53:26,2025-07-20 18:06:26,missed,10,13,Sunday,17,10.0,13.0,1,1
193,Casey Smith,2025-07-20 16:39:42,2025-07-20 16:49:42,2025-07-20 16:52:42,cancelled,10,3,Sunday,16,10.0,3.0,1,0
194,Sam Lewis,2025-07-20 11:21:49,2025-07-20 11:26:49,2025-07-20 11:34:49,missed,5,8,Sunday,11,5.0,8.0,1,1
195,Drew Moore,2025-07-20 16:56:57,2025-07-20 17:06:57,2025-07-20 17:15:57,cancelled,10,9,Sunday,16,10.0,9.0,1,0
196,Morgan Hall,2025-07-19 17:04:41,2025-07-19 17:08:41,2025-07-19 17:16:41,completed,4,8,Saturday,17,4.0,8.0,1,1
197,Jamie Moore,2025-07-19 16:51:39,2025-07-19 16:52:39,2025-07-19 17:02:39,missed,1,10,Saturday,16,1.0,10.0,1,0
198,Riley Wilson,2025-07-19 17:07:19,2025-07-19 17:10:19,2025-07-19 17:13:19,cancelled,3,3,Saturday,17,3.0,3.0,1,1
199,Casey Smith,2025-07-19 14:00:01,2025-07-19 14:05:01,2025-07-19 14:16:01,cancelled,5,11,Saturday,14,5.0,11.0,1,0
200,Casey Brown,2025-07-19 11:03:50,2025-07-19 11:09:50,2025-07-19 11:19:50,completed,6,10,Saturday,11,6.0,10.0,1,1
201,Alex Wilson,2025-07-19 16:02:10,2025-07-19 16:09:10,2025-07-19 16:12:10,missed,7,3,Saturday,16,7.0,3.0,1,0
202,Jamie Wilson,2025-07-19 16:15:04,2025-07-19 16:25:04,2025-07-19 16:31:04,completed,10,6,Saturday,16,10.0,6.0,1,0
203,Riley Brown,2025-07-19 12:52:24,2025-07-19 12:56:24,2025-07-19 13:01:24,missed,4,5,Saturday,12,4.0,5.0,1,1
204,Jamie Davis,2025-07-19 17:55:00,2025-07-19 18:00:00,2025-07-19 18:13:00,completed,5,13,Saturday,17,5.0,13.0,1,1
205,Jordan Wilson,2025-07-19 10:05:29,2025-07-19 10:06:29,2025-07-19 10:16:29,missed,1,10,Saturday,10,1.0,10.0,1,0
206,Casey Taylor,2025-07-19 15:51:24,2025-07-19 16:01:24,2025-07-19 16:15:24,missed,10,14,Saturday,15,10.0,14.0,1,0
207,Morgan Taylor,2025-07-19 08:59:26,2025-07-19 09:09:26,2025-07-19 09:24:26,cancelled,10,15,Saturday,8,10.0,15.0,1,0
208,Chris Hall,2025-07-19 17:21:44,2025-07-19 17:28:44,2025-07-19 17:39:44,missed,7,11,Saturday,17,7.0,11.0,1,1
209,Riley Wilson,2025-07-19 17:31:25,2025-07-19 17:38:25,2025-07-19 17:41:25,missed,7,3,Saturday,17,7.0,3.0,1,1
210,Jordan Miller,2025-07-19 12:20:30,2025-07-19 12:21:30,2025-07-19 12:25:30,cancelled,1,4,Saturday,12,1.0,4.0,1,1
211,Taylor Lewis,2025-07-18 17:57:13,2025-07-18 18:04:13,2025-07-18 18:16:13,completed,7,12,Friday,17,7.0,12.0,0,1
212,Morgan Hall,2025-07-18 09:45:40,2025-07-18 09:54:40,2025-07-18 09:58:40,completed,9,4,Friday,9,9.0,4.0,0,0
213,Alex Brown,2025-07-18 17:37:28,2025-07-18 17:42:28,2025-07-18 17:57:28,missed,5,15,Friday,17,5.0,15.0,0,1
214,Taylor Wilson,2025-07-18 16:40:46,2025-07-18 16:47:46,2025-07-18 16:57:46,completed,7,10,Friday,16,7.0,10.0,0,0
215,Riley Lewis,2025-07-18 17:43:50,2025-07-18 17:50:50,2025-07-18 17:56:50,completed,7,6,Friday,17,7.0,6.0,0,1
216,Jamie Brown,2025-07-18 17:42:30,2025-07-18 17:49:30,2025-07-18 18:01:30,missed,7,12,Friday,17,7.0,12.0,0,1
217,Drew Miller,2025-07-18 16:45:39,2025-07-18 16:53:39,2025-07-18 16:59:39,missed,8,6,Friday,16,8.0,6.0,0,0
218,Morgan Smith,2025-07-18 12:20:55,2025-07-18 12:27:55,2025-07-18 12:38:55,cancelled,7,11,Friday,12,7.0,11.0,0,1
219,Casey Miller,2025-07-18 15:06:17,2025-07-18 15:08:17,2025-07-18 15:23:17,missed,2,15,Friday,15,2.0,15.0,0,0
220,Taylor Taylor,2025-07-18 16:50:22,2025-07-18 16:58:22,2025-07-18 17:13:22,missed,8,15,Friday,16,8.0,15.0,0,0
221,Casey Davis,2025-07-18 10:34:50,2025-07-18 10:37:50,2025-07-18 10:45:50,completed,3,8,Friday,10,3.0,8.0,0,0
222,Morgan Taylor,2025-07-18 17:03:05,2025-07-18 17:05:05,2025-07-18 17:15:05,cancelled,2,10,Friday,17,2.0,10.0,0,1
223,Riley Brown,2025-07-18 12:05:30,2025-07-18 12:06:30,2025-07-18 12:08:30,cancelled,1,2,Friday,12,1.0,2.0,0,1
224,Chris Wilson,2025-07-18 10:54:02,2025-07-18 11:02:02,2025-07-18 11:06:02,missed,8,4,Friday,10,8.0,4.0,0,0
225,Alex Taylor,2025-07-18 17:26:39,2025-07-18 17:29:39,2025-07-18 17:44:39,completed,3,15,Friday,17,3.0,15.0,0,1
226,Jordan Wilson,2025-07-17 17:52:57,2025-07-17 18:01:57,2025-07-17 18:04:57,missed,9,3,Thursday,17,9.0,3.0,0,1
227,Alex Miller,2025-07-17 09:48:52,2025-07-17 09:55:52,2025-07-17 09:58:52,missed,7,3,Thursday,9,7.0,3.0,0,0
228,Casey Moore,2025-07-17 14:23:00,2025-07-17 14:30:00,2025-07-17 14:45:00,completed,7,15,Thursday,14,7.0,15.0,0,0
229,Taylor Smith,2025-07-17 09:08:58,2025-07-17 09:10:58,2025-07-17 09:19:58,completed,2,9,Thursday,9,2.0,9.0,0,0
230,Chris Hall,2025-07-17 14:58:05,2025-07-17 15:02:05,2025-07-17 15:17:05,missed,4,15,Thursday,14,4.0,15.0,0,0
231,Taylor Clark,2025-07-17 08:45:40,2025-07-17 08:46:40,2025-07-17 08:50:40,missed,1,4,Thursday,8,1.0,4.0,0,0
232,Taylor Clark,2025-07-17 17:41:01,2025-07-17 17:48:01,2025-07-17 17:57:01,missed,7,9,Thursday,17,7.0,9.0,0,1
233,Casey Smith,2025-07-17 11:52:20,2025-07-17 11:53:20,2025-07-17 11:57:20,cancelled,1,4,Thursday,11,1.0,4.0,0,1
234,Casey Davis,2025-07-17 11:50:56,2025-07-17 11:59:56,2025-07-17 12:05:56,missed,9,6,Thursday,11,9.0,6.0,0,1
235,Jordan Moore,2025-07-17 11:18:37,2025-07-17 11:23:37,2025-07-17 11:36:37,cancelled,5,13,Thursday,11,5.0,13.0,0,1
236,Riley Smith,2025-07-17 11:08:01,2025-07-17 11:12:01,2025-07-17 11:27:01,completed,4,15,Thursday,11,4.0,15.0,0,1
237,Jamie Smith,2025-07-17 10:20:31,2025-07-17 10:22:31,2025-07-17 10:28:31,cancelled,2,6,Thursday,10,2.0,6.0,0,0
238,Jordan Hall,2025-07-17 14:49:54,2025-07-17 14:57:54,2025-07-17 14:59:54,missed,8,2,Thursday,14,8.0,2.0,0,0
239,Casey Taylor,2025-07-17 09:23:49,2025-07-17 09:24:49,2025-07-17 09:35:49,missed,1,11,Thursday,9,1.0,11.0,0,0
240,Riley Lewis,2025-07-17 16:46:49,2025-07-17 16:47:49,2025-07-17 16:49:49,completed,1,2,Thursday,16,1.0,2.0,0,0
241,Chris Lewis,2025-07-16 09:07:38,2025-07-16 09:09:38,2025-07-16 09:22:38,completed,2,13,Wednesday,9,2.0,13.0,0,0
242,Chris Clark,2025-07-16 14:43:38,2025-07-16 14:49:38,2025-07-16 15:04:38,missed,6,15,Wednesday,14,6.0,15.0,0,0
243,Riley Davis,2025-07-16 17:39:44,2025-07-16 17:49:44,2025-07-16 18:01:44,missed,10,12,Wednesday,17,10.0,12.0,0,1
244,Alex Hall,2025-07-16 16:48:54,2025-07-16 16:49:54,2025-07-16 16:53:54,cancelled,1,4,Wednesday,16,1.0,4.0,0,0
245,Jordan Brown,2025-07-16 11:47:12,2025-07-16 11:55:12,2025-07-16 11:57:12,cancelled,8,2,Wednesday,11,8.0,2.0,0,1
246,Chris Taylor,2025-07-16 08:52:50,2025-07-16 08:53:50,2025-07-16 08:55:50,cancelled,1,2,Wednesday,8,1.0,2.0,0,0
247,Morgan Lewis,2025-07-16 11:09:16,2025-07-16 11:15:16,2025-07-16 11:23:16,missed,6,8,Wednesday,11,6.0,8.0,0,1
248,Jordan Hall,2025-07-16 15:05:35,2025-07-16 15:06:35,2025-07-16 15:08:35,completed,1,2,Wednesday,15,1.0,2.0,0,0
249,Alex Moore,2025-07-16 17:54:12,2025-07-16 18:01:12,2025-07-16 18:15:12,completed,7,14,Wednesday,17,7.0,14.0,0,1
250,Morgan Davis,2025-07-16 14:01:55,2025-07-16 14:11:55,2025-07-16 14:26:55,cancelled,10,15,Wednesday,14,10.0,15.0,0,0
251,Jamie Miller,2025-07-16 11:32:03,2025-07-16 11:33:03,2025-07-16 11:46:03,completed,1,13,Wednesday,11,1.0,13.0,0,1
252,Morgan Lewis,2025-07-16 12:19:51,2025-07-16 12:29:51,2025-07-16 12:41:51,cancelled,10,12,Wednesday,12,10.0,12.0,0,1
253,Morgan Miller,2025-07-16 11:35:54,2025-07-16 11:41:54,2025-07-16 11:46:54,missed,6,5,Wednesday,11,6.0,5.0,0,1
254,Drew Clark,2025-07-16 14:52:41,2025-07-16 15:01:41,2025-07-16 15:12:41,cancelled,9,11,Wednesday,14,9.0,11.0,0,0
255,Sam Davis,2025-07-16 08:36:52,2025-07-16 08:42:52,2025-07-16 08:46:52,cancelled,6,4,Wednesday,8,6.0,4.0,0,0
256,Alex Moore,2025-07-15 09:28:41,2025-07-15 09:37:41,2025-07-15 09:39:41,cancelled,9,2,Tuesday,9,9.0,2.0,0,0
257,Taylor Taylor,2025-07-15 10:55:14,2025-07-15 11:02:14,2025-07-15 11:15:14,missed,7,13,Tuesday,10,7.0,13.0,0,0
258,Drew Moore,2025-07-15 12:46:02,2025-07-15 12:54:02,2025-07-15 12:59:02,missed,8,5,Tuesday,12,8.0,5.0,0,1
259,Casey Taylor,2025-07-15 11:49:51,2025-07-15 11:58:51,2025-07-15 12:11:51,missed,9,13,Tuesday,11,9.0,13.0,0,1
260,Jamie Miller,2025-07-15 09:55:29,2025-07-15 10:00:29,2025-07-15 10:09:29,completed,5,9,Tuesday,9,5.0,9.0,0,0
261,Jordan Smith,2025-07-15 08:37:50,2025-07-15 08:45:50,2025-07-15 08:52:50,cancelled,8,7,Tuesday,8,8.0,7.0,0,0
262,Sam Miller,2025-07-15 08:59:14,2025-07-15 09:03:14,2025-07-15 09:14:14,completed,4,11,Tuesday,8,4.0,11.0,0,0
263,Chris Moore,2025-07-15 17:36:10,2025-07-15 17:44:10,2025-07-15 17:59:10,missed,8,15,Tuesday,17,8.0,15.0,0,1
264,Morgan Hall,2025-07-15 15:37:03,2025-07-15 15:44:03,2025-07-15 15:50:03,cancelled,7,6,Tuesday,15,7.0,6.0,0,0
265,Taylor Hall,2025-07-15 12:58:25,2025-07-15 13:04:25,2025-07-15 13:11:25,completed,6,7,Tuesday,12,6.0,7.0,0,1
266,Jordan Clark,2025-07-15 08:56:11,2025-07-15 09:05:11,2025-07-15 09:12:11,completed,9,7,Tuesday,8,9.0,7.0,0,0
267,Taylor Taylor,2025-07-15 16:40:24,2025-07-15 16:41:24,2025-07-15 16:43:24,completed,1,2,Tuesday,16,1.0,2.0,0,0
268,Riley Clark,2025-07-15 09:06:49,2025-07-15 09:07:49,2025-07-15 09:13:49,missed,1,6,Tuesday,9,1.0,6.0,0,0
269,Jamie Clark,2025-07-15 14:35:59,2025-07-15 14:43:59,2025-07-15 14:58:59,cancelled,8,15,Tuesday,14,8.0,15.0,0,0
270,Taylor Wilson,2025-07-15 10:04:15,2025-07-15 10:07:15,2025-07-15 10:10:15,missed,3,3,Tuesday,10,3.0,3.0,0,0
271,Riley Hall,2025-07-14 15:02:28,2025-07-14 15:07:28,2025-07-14 15:17:28,missed,5,10,Monday,15,5.0,10.0,0,0
272,Sam Taylor,2025-07-14 11:34:33,2025-07-14 11:35:33,2025-07-14 11:45:33,cancelled,1,10,Monday,11,1.0,10.0,0,1
273,Jordan Lewis,2025-07-14 16:54:44,2025-07-14 16:57:44,2025-07-14 17:05:44,completed,3,8,Monday,16,3.0,8.0,0,0
274,Drew Clark,2025-07-14 09:02:26,2025-07-14 09:07:26,2025-07-14 09:13:26,completed,5,6,Monday,9,5.0,6.0,0,0
275,Morgan Clark,2025-07-14 14:57:09,2025-07-14 15:00:09,2025-07-14 15:14:09,completed,3,14,Monday,14,3.0,14.0,0,0
276,Taylor Taylor,2025-07-14 09:21:20,2025-07-14 09:22:20,2025-07-14 09:30:20,cancelled,1,8,Monday,9,1.0,8.0,0,0
277,Morgan Taylor,2025-07-14 09:11:01,2025-07-14 09:12:01,2025-07-14 09:24:01,cancelled,1,12,Monday,9,1.0,12.0,0,0
278,Alex Hall,2025-07-14 16:36:40,2025-07-14 16:41:40,2025-07-14 16:52:40,missed,5,11,Monday,16,5.0,11.0,0,0
279,Taylor Davis,2025-07-14 10:14:42,2025-07-14 10:17:42,2025-07-14 10:26:42,missed,3,9,Monday,10,3.0,9.0,0,0
280,Casey Smith,2025-07-14 10:27:37,2025-07-14 10:33:37,2025-07-14 10:46:37,cancelled,6,13,Monday,10,6.0,13.0,0,0
281,Morgan Smith,2025-07-14 11:32:51,2025-07-14 11:42:51,2025-07-14 11:53:51,missed,10,11,Monday,11,10.0,11.0,0,1
282,Casey Davis,2025-07-14 15:40:12,2025-07-14 15:48:12,2025-07-14 15:55:12,missed,8,7,Monday,15,8.0,7.0,0,0
283,Drew Davis,2025-07-14 15:07:04,2025-07-14 15:14:04,2025-07-14 15:22:04,cancelled,7,8,Monday,15,7.0,8.0,0,0
284,Chris Hall,2025-07-14 09:05:08,2025-07-14 09:09:08,2025-07-14 09:12:08,missed,4,3,Monday,9,4.0,3.0,0,0
285,Jamie Taylor,2025-07-14 08:55:16,2025-07-14 09:03:16,2025-07-14 09:07:16,missed,8,4,Monday,8,8.0,4.0,0,0
286,Drew Clark,2025-07-13 17:19:46,2025-07-13 17:27:46,2025-07-13 17:38:46,completed,8,11,Sunday,17,8.0,11.0,1,1
287,Drew Davis,2025-07-13 08:40:41,2025-07-13 08:42:41,2025-07-13 08:57:41,missed,2,15,Sunday,8,2.0,15.0,1,0
288,Drew Smith,2025-07-13 16:26:32,2025-07-13 16:33:32,2025-07-13 16:47:32,cancelled,7,14,Sunday,16,7.0,14.0,1,0
289,Jamie Moore,2025-07-13 10:54:06,2025-07-13 10:58:06,2025-07-13 11:04:06,cancelled,4,6,Sunday,10,4.0,6.0,1,0
290,Chris Moore,2025-07-13 17:18:59,2025-07-13 17:25:59,2025-07-13 17:31:59,cancelled,7,6,Sunday,17,7.0,6.0,1,1
291,Casey Hall,2025-07-13 16:57:38,2025-07-13 16:59:38,2025-07-13 17:11:38,completed,2,12,Sunday,16,2.0,12.0,1,0
292,Jamie Taylor,2025-07-13 12:41:43,2025-07-13 12:47:43,2025-07-13 12:51:43,missed,6,4,Sunday,12,6.0,4.0,1,1
293,Casey Smith,2025-07-13 10:22:28,2025-07-13 10:25:28,2025-07-13 10:36:28,missed,3,11,Sunday,10,3.0,11.0,1,0
294,Sam Clark,2025-07-13 08:33:28,2025-07-13 08:34:28,2025-07-13 08:45:28,missed,1,11,Sunday,8,1.0,11.0,1,0
295,Sam Brown,2025-07-13 08:13:12,2025-07-13 08:16:12,2025-07-13 08:26:12,missed,3,10,Sunday,8,3.0,10.0,1,0
296,Jordan Lewis,2025-07-13 12:00:24,2025-07-13 12:06:24,2025-07-13 12:12:24,completed,6,6,Sunday,12,6.0,6.0,1,1
297,Taylor Smith,2025-07-13 10:18:47,2025-07-13 10:19:47,2025-07-13 10:33:47,missed,1,14,Sunday,10,1.0,14.0,1,0
298,Chris Clark,2025-07-13 12:58:11,2025-07-13 13:04:11,2025-07-13 13:10:11,completed,6,6,Sunday,12,6.0,6.0,1,1
299,Taylor Brown,2025-07-13 14:36:24,2025-07-13 14:42:24,2025-07-13 14:51:24,missed,6,9,Sunday,14,6.0,9.0,1,0
300,Casey Wilson,2025-07-13 16:01:27,2025-07-13 16:05:27,2025-07-13 16:12:27,missed,4,7,Sunday,16,4.0,7.0,1,0
301,Chris Brown,2025-07-12 17:17:56,2025-07-12 17:25:56,2025-07-12 17:32:56,missed,8,7,Saturday,17,8.0,7.0,1,1
302,Jordan Lewis,2025-07-12 09:13:16,2025-07-12 09:17:16,2025-07-12 09:24:16,missed,4,7,Saturday,9,4.0,7.0,1,0
303,Jordan Davis,2025-07-12 09:22:19,2025-07-12 09:32:19,2025-07-12 09:44:19,cancelled,10,12,Saturday,9,10.0,12.0,1,0
304,Morgan Miller,2025-07-12 12:21:03,2025-07-12 12:30:03,2025-07-12 12:36:03,cancelled,9,6,Saturday,12,9.0,6.0,1,1
305,Jamie Clark,2025-07-12 10:39:54,2025-07-12 10:45:54,2025-07-12 11:00:54,completed,6,15,Saturday,10,6.0,15.0,1,0
306,Chris Moore,2025-07-12 09:29:54,2025-07-12 09:34:54,2025-07-12 09:41:54,cancelled,5,7,Saturday,9,5.0,7.0,1,0
307,Jamie Wilson,2025-07-12 10:24:50,2025-07-12 10:27:50,2025-07-12 10:39:50,completed,3,12,Saturday,10,3.0,12.0,1,0
308,Casey Clark,2025-07-12 15:32:04,2025-07-12 15:39:04,2025-07-12 15:49:04,missed,7,10,Saturday,15,7.0,10.0,1,0
309,Jamie Lewis,2025-07-12 12:14:06,2025-07-12 12:23:06,2025-07-12 12:33:06,missed,9,10,Saturday,12,9.0,10.0,1,1
310,Chris Davis,2025-07-12 10:44:03,2025-07-12 10:50:03,2025-07-12 10:56:03,missed,6,6,Saturday,10,6.0,6.0,1,0
311,Jamie Miller,2025-07-12 08:35:20,2025-07-12 08:39:20,2025-07-12 08:44:20,completed,4,5,Saturday,8,4.0,5.0,1,0
312,Alex Brown,2025-07-12 14:14:35,2025-07-12 14:17:35,2025-07-12 14:29:35,cancelled,3,12,Saturday,14,3.0,12.0,1,0
313,Jordan Brown,2025-07-12 17:04:51,2025-07-12 17:12:51,2025-07-12 17:22:51,cancelled,8,10,Saturday,17,8.0,10.0,1,1
314,Morgan Smith,2025-07-12 08:51:09,2025-07-12 08:52:09,2025-07-12 09:01:09,cancelled,1,9,Saturday,8,1.0,9.0,1,0
315,Morgan Brown,2025-07-12 11:52:54,2025-07-12 12:01:54,2025-07-12 12:05:54,missed,9,4,Saturday,11,9.0,4.0,1,1
316,Morgan Wilson,2025-07-11 09:59:46,2025-07-11 10:00:46,2025-07-11 10:12:46,missed,1,12,Friday,9,1.0,12.0,0,0
317,Drew Hall,2025-07-11 16:42:37,2025-07-11 16:50:37,2025-07-11 16:55:37,completed,8,5,Friday,16,8.0,5.0,0,0
318,Casey Moore,2025-07-11 08:51:11,2025-07-11 09:01:11,2025-07-11 09:12:11,completed,10,11,Friday,8,10.0,11.0,0,0
319,Jordan Taylor,2025-07-11 15:55:02,2025-07-11 16:00:02,2025-07-11 16:03:02,missed,5,3,Friday,15,5.0,3.0,0,0
320,Riley Lewis,2025-07-11 10:53:54,2025-07-11 11:02:54,2025-07-11 11:16:54,cancelled,9,14,Friday,10,9.0,14.0,0,0
321,Taylor Miller,2025-07-11 16:13:45,2025-07-11 16:22:45,2025-07-11 16:32:45,missed,9,10,Friday,16,9.0,10.0,0,0
322,Jamie Taylor,2025-07-11 17:37:58,2025-07-11 17:43:58,2025-07-11 17:56:58,cancelled,6,13,Friday,17,6.0,13.0,0,1
323,Riley Lewis,2025-07-11 17:28:24,2025-07-11 17:32:24,2025-07-11 17:45:24,cancelled,4,13,Friday,17,4.0,13.0,0,1
324,Riley Brown,2025-07-11 17:07:12,2025-07-11 17:13:12,2025-07-11 17:26:12,cancelled,6,13,Friday,17,6.0,13.0,0,1
325,Jordan Clark,2025-07-11 16:11:32,2025-07-11 16:18:32,2025-07-11 16:31:32,missed,7,13,Friday,16,7.0,13.0,0,0
326,Morgan Lewis,2025-07-11 14:53:50,2025-07-11 14:59:50,2025-07-11 15:14:50,missed,6,15,Friday,14,6.0,15.0,0,0
327,Chris Taylor,2025-07-11 12:54:45,2025-07-11 13:01:45,2025-07-11 13:16:45,missed,7,15,Friday,12,7.0,15.0,0,1
328,Drew Davis,2025-07-11 16:52:04,2025-07-11 16:55:04,2025-07-11 17:08:04,cancelled,3,13,Friday,16,3.0,13.0,0,0
329,Sam Taylor,2025-07-11 17:48:56,2025-07-11 17:52:56,2025-07-11 18:02:56,cancelled,4,10,Friday,17,4.0,10.0,0,1
330,Chris Davis,2025-07-11 15:03:17,2025-07-11 15:08:17,2025-07-11 15:21:17,missed,5,13,Friday,15,5.0,13.0,0,0
331,Riley Taylor,2025-07-10 16:29:35,2025-07-10 16:39:35,2025-07-10 16:41:35,completed,10,2,Thursday,16,10.0,2.0,0,0
332,Sam Brown,2025-07-10 16:24:23,2025-07-10 16:34:23,2025-07-10 16:37:23,cancelled,10,3,Thursday,16,10.0,3.0,0,0
333,Drew Lewis,2025-07-10 09:52:31,2025-07-10 10:00:31,2025-07-10 10:08:31,completed,8,8,Thursday,9,8.0,8.0,0,0
334,Morgan Taylor,2025-07-10 16:14:18,2025-07-10 16:18:18,2025-07-10 16:30:18,cancelled,4,12,Thursday,16,4.0,12.0,0,0
335,Morgan Smith,2025-07-10 16:50:50,2025-07-10 16:58:50,2025-07-10 17:08:50,completed,8,10,Thursday,16,8.0,10.0,0,0
336,Jamie Taylor,2025-07-10 11:32:35,2025-07-10 11:39:35,2025-07-10 11:52:35,completed,7,13,Thursday,11,7.0,13.0,0,1
337,Alex Davis,2025-07-10 10:35:08,2025-07-10 10:43:08,2025-07-10 10:47:08,completed,8,4,Thursday,10,8.0,4.0,0,0
338,Sam Wilson,2025-07-10 17:56:29,2025-07-10 17:57:29,2025-07-10 18:05:29,missed,1,8,Thursday,17,1.0,8.0,0,1
339,Chris Smith,2025-07-10 12:01:24,2025-07-10 12:10:24,2025-07-10 12:18:24,cancelled,9,8,Thursday,12,9.0,8.0,0,1
340,Alex Taylor,2025-07-10 08:29:38,2025-07-10 08:32:38,2025-07-10 08:37:38,completed,3,5,Thursday,8,3.0,5.0,0,0
341,Riley Wilson,2025-07-10 16:59:00,2025-07-10 17:02:00,2025-07-10 17:04:00,cancelled,3,2,Thursday,16,3.0,2.0,0,0
342,Jordan Lewis,2025-07-10 17:26:20,2025-07-10 17:36:20,2025-07-10 17:51:20,missed,10,15,Thursday,17,10.0,15.0,0,1
343,Morgan Miller,2025-07-10 15:19:43,2025-07-10 15:21:43,2025-07-10 15:36:43,missed,2,15,Thursday,15,2.0,15.0,0,0
344,Sam Brown,2025-07-10 08:40:42,2025-07-10 08:45:42,2025-07-10 08:52:42,completed,5,7,Thursday,8,5.0,7.0,0,0
345,Drew Davis,2025-07-10 08:48:20,2025-07-10 08:51:20,2025-07-10 09:06:20,cancelled,3,15,Thursday,8,3.0,15.0,0,0
346,Casey Brown,2025-07-09 12:33:06,2025-07-09 12:37:06,2025-07-09 12:39:06,missed,4,2,Wednesday,12,4.0,2.0,0,1
347,Taylor Brown,2025-07-09 12:47:00,2025-07-09 12:52:00,2025-07-09 12:57:00,cancelled,5,5,Wednesday,12,5.0,5.0,0,1
348,Drew Lewis,2025-07-09 16:08:09,2025-07-09 16:15:09,2025-07-09 16:25:09,missed,7,10,Wednesday,16,7.0,10.0,0,0
349,Alex Miller,2025-07-09 10:51:23,2025-07-09 11:01:23,2025-07-09 11:16:23,completed,10,15,Wednesday,10,10.0,15.0,0,0
350,Morgan Clark,2025-07-09 12:31:50,2025-07-09 12:32:50,2025-07-09 12:46:50,missed,1,14,Wednesday,12,1.0,14.0,0,1
351,Casey Miller,2025-07-09 15:35:19,2025-07-09 15:36:19,2025-07-09 15:42:19,completed,1,6,Wednesday,15,1.0,6.0,0,0
352,Alex Brown,2025-07-09 15:31:28,2025-07-09 15:38:28,2025-07-09 15:50:28,missed,7,12,Wednesday,15,7.0,12.0,0,0
353,Jamie Smith,2025-07-09 09:01:01,2025-07-09 09:11:01,2025-07-09 09:15:01,cancelled,10,4,Wednesday,9,10.0,4.0,0,0
354,Jamie Moore,2025-07-09 15:26:02,2025-07-09 15:34:02,2025-07-09 15:42:02,completed,8,8,Wednesday,15,8.0,8.0,0,0
355,Alex Wilson,2025-07-09 16:48:50,2025-07-09 16:50:50,2025-07-09 16:54:50,cancelled,2,4,Wednesday,16,2.0,4.0,0,0
356,Jordan Brown,2025-07-09 14:55:23,2025-07-09 14:56:23,2025-07-09 15:01:23,cancelled,1,5,Wednesday,14,1.0,5.0,0,0
357,Taylor Clark,2025-07-09 17:26:20,2025-07-09 17:32:20,2025-07-09 17:39:20,completed,6,7,Wednesday,17,6.0,7.0,0,1
358,Chris Hall,2025-07-09 15:23:08,2025-07-09 15:24:08,2025-07-09 15:35:08,completed,1,11,Wednesday,15,1.0,11.0,0,0
359,Jamie Smith,2025-07-09 08:08:18,2025-07-09 08:12:18,2025-07-09 08:19:18,missed,4,7,Wednesday,8,4.0,7.0,0,0
360,Taylor Brown,2025-07-09 09:31:18,2025-07-09 09:34:18,2025-07-09 09:38:18,cancelled,3,4,Wednesday,9,3.0,4.0,0,0
361,Sam Lewis,2025-07-08 10:47:20,2025-07-08 10:54:20,2025-07-08 11:02:20,cancelled,7,8,Tuesday,10,7.0,8.0,0,0
362,Chris Miller,2025-07-08 11:58:15,2025-07-08 12:00:15,2025-07-08 12:09:15,missed,2,9,Tuesday,11,2.0,9.0,0,1
363,Chris Taylor,2025-07-08 09:47:34,2025-07-08 09:52:34,2025-07-08 10:01:34,completed,5,9,Tuesday,9,5.0,9.0,0,0
364,Casey Brown,2025-07-08 10:46:58,2025-07-08 10:49:58,2025-07-08 11:00:58,completed,3,11,Tuesday,10,3.0,11.0,0,0
365,Casey Wilson,2025-07-08 08:25:28,2025-07-08 08:28:28,2025-07-08 08:43:28,completed,3,15,Tuesday,8,3.0,15.0,0,0
366,Chris Miller,2025-07-08 16:28:49,2025-07-08 16:38:49,2025-07-08 16:53:49,completed,10,15,Tuesday,16,10.0,15.0,0,0
367,Chris Clark,2025-07-08 17:40:33,2025-07-08 17:43:33,2025-07-08 17:47:33,cancelled,3,4,Tuesday,17,3.0,4.0,0,1
368,Jordan Miller,2025-07-08 10:09:14,2025-07-08 10:17:14,2025-07-08 10:29:14,completed,8,12,Tuesday,10,8.0,12.0,0,0
369,Riley Smith,2025-07-08 09:48:58,2025-07-08 09:57:58,2025-07-08 10:12:58,missed,9,15,Tuesday,9,9.0,15.0,0,0
370,Morgan Lewis,2025-07-08 17:08:32,2025-07-08 17:09:32,2025-07-08 17:19:32,completed,1,10,Tuesday,17,1.0,10.0,0,1
371,Alex Moore,2025-07-08 10:47:37,2025-07-08 10:54:37,2025-07-08 11:06:37,completed,7,12,Tuesday,10,7.0,12.0,0,0
372,Casey Moore,2025-07-08 08:37:54,2025-07-08 08:41:54,2025-07-08 08:46:54,cancelled,4,5,Tuesday,8,4.0,5.0,0,0
373,Sam Miller,2025-07-08 10:37:05,2025-07-08 10:39:05,2025-07-08 10:44:05,completed,2,5,Tuesday,10,2.0,5.0,0,0
374,Drew Smith,2025-07-08 15:45:16,2025-07-08 15:48:16,2025-07-08 15:52:16,cancelled,3,4,Tuesday,15,3.0,4.0,0,0
375,Drew Hall,2025-07-08 17:22:23,2025-07-08 17:23:23,2025-07-08 17:26:23,missed,1,3,Tuesday,17,1.0,3.0,0,1
376,Sam Hall,2025-07-07 09:55:26,2025-07-07 10:04:26,2025-07-07 10:15:26,missed,9,11,Monday,9,9.0,11.0,0,0
377,Casey Taylor,2025-07-07 15:06:53,2025-07-07 15:13:53,2025-07-07 15:22:53,cancelled,7,9,Monday,15,7.0,9.0,0,0
378,Casey Hall,2025-07-07 16:14:28,2025-07-07 16:24:28,2025-07-07 16:37:28,cancelled,10,13,Monday,16,10.0,13.0,0,0
379,Drew Davis,2025-07-07 08:11:42,2025-07-07 08:20:42,2025-07-07 08:31:42,cancelled,9,11,Monday,8,9.0,11.0,0,0
380,Chris Clark,2025-07-07 14:26:36,2025-07-07 14:34:36,2025-07-07 14:48:36,completed,8,14,Monday,14,8.0,14.0,0,0
381,Chris Moore,2025-07-07 10:07:59,2025-07-07 10:09:59,2025-07-07 10:23:59,missed,2,14,Monday,10,2.0,14.0,0,0
382,Sam Smith,2025-07-07 14:54:50,2025-07-07 14:59:50,2025-07-07 15:05:50,missed,5,6,Monday,14,5.0,6.0,0,0
383,Sam Hall,2025-07-07 09:20:44,2025-07-07 09:21:44,2025-07-07 09:27:44,missed,1,6,Monday,9,1.0,6.0,0,0
384,Casey Moore,2025-07-07 12:57:42,2025-07-07 13:00:42,2025-07-07 13:10:42,completed,3,10,Monday,12,3.0,10.0,0,1
385,Taylor Davis,2025-07-07 14:57:30,2025-07-07 15:04:30,2025-07-07 15:06:30,completed,7,2,Monday,14,7.0,2.0,0,0
386,Sam Brown,2025-07-07 12:07:12,2025-07-07 12:13:12,2025-07-07 12:17:12,missed,6,4,Monday,12,6.0,4.0,0,1
387,Sam Taylor,2025-07-07 08:40:37,2025-07-07 08:50:37,2025-07-07 08:56:37,cancelled,10,6,Monday,8,10.0,6.0,0,0
388,Jordan Taylor,2025-07-07 15:22:22,2025-07-07 15:32:22,2025-07-07 15:47:22,cancelled,10,15,Monday,15,10.0,15.0,0,0
389,Jamie Clark,2025-07-07 15:07:12,2025-07-07 15:14:12,2025-07-07 15:28:12,missed,7,14,Monday,15,7.0,14.0,0,0
390,Alex Taylor,2025-07-07 14:04:07,2025-07-07 14:11:07,2025-07-07 14:20:07,missed,7,9,Monday,14,7.0,9.0,0,0
391,Jamie Taylor,2025-07-06 11:07:54,2025-07-06 11:10:54,2025-07-06 11:19:54,cancelled,3,9,Sunday,11,3.0,9.0,1,1
392,Morgan Clark,2025-07-06 09:32:27,2025-07-06 09:37:27,2025-07-06 09:49:27,completed,5,12,Sunday,9,5.0,12.0,1,0
393,Taylor Hall,2025-07-06 17:17:41,2025-07-06 17:19:41,2025-07-06 17:29:41,completed,2,10,Sunday,17,2.0,10.0,1,1
394,Casey Lewis,2025-07-06 16:00:53,2025-07-06 16:02:53,2025-07-06 16:09:53,cancelled,2,7,Sunday,16,2.0,7.0,1,0
395,Casey Hall,2025-07-06 08:02:31,2025-07-06 08:10:31,2025-07-06 08:18:31,cancelled,8,8,Sunday,8,8.0,8.0,1,0
396,Alex Wilson,2025-07-06 09:24:07,2025-07-06 09:34:07,2025-07-06 09:44:07,missed,10,10,Sunday,9,10.0,10.0,1,0
397,Morgan Clark,2025-07-06 14:11:34,2025-07-06 14:13:34,2025-07-06 14:20:34,cancelled,2,7,Sunday,14,2.0,7.0,1,0
398,Riley Clark,2025-07-06 11:04:48,2025-07-06 11:12:48,2025-07-06 11:24:48,missed,8,12,Sunday,11,8.0,12.0,1,1
399,Alex Wilson,2025-07-06 14:57:42,2025-07-06 15:05:42,2025-07-06 15:19:42,cancelled,8,14,Sunday,14,8.0,14.0,1,0
400,Jordan Smith,2025-07-06 12:07:43,2025-07-06 12:10:43,2025-07-06 12:16:43,missed,3,6,Sunday,12,3.0,6.0,1,1
401,Jamie Miller,2025-07-06 11:49:39,2025-07-06 11:54:39,2025-07-06 12:03:39,missed,5,9,Sunday,11,5.0,9.0,1,1
402,Sam Miller,2025-07-06 09:23:24,2025-07-06 09:25:24,2025-07-06 09:31:24,cancelled,2,6,Sunday,9,2.0,6.0,1,0
403,Jordan Moore,2025-07-06 10:39:47,2025-07-06 10:47:47,2025-07-06 11:01:47,cancelled,8,14,Sunday,10,8.0,14.0,1,0
404,Casey Miller,2025-07-06 17:55:34,2025-07-06 18:00:34,2025-07-06 18:09:34,cancelled,5,9,Sunday,17,5.0,9.0,1,1
405,Alex Wilson,2025-07-06 08:00:04,2025-07-06 08:09:04,2025-07-06 08:16:04,missed,9,7,Sunday,8,9.0,7.0,1,0
406,Morgan Moore,2025-07-05 14:10:38,2025-07-05 14:20:38,2025-07-05 14:28:38,cancelled,10,8,Saturday,14,10.0,8.0,1,0
407,Riley Lewis,2025-07-05 17:27:42,2025-07-05 17:32:42,2025-07-05 17:36:42,cancelled,5,4,Saturday,17,5.0,4.0,1,1
408,Morgan Hall,2025-07-05 09:56:37,2025-07-05 10:06:37,2025-07-05 10:09:37,completed,10,3,Saturday,9,10.0,3.0,1,0
409,Riley Hall,2025-07-05 11:08:27,2025-07-05 11:12:27,2025-07-05 11:19:27,completed,4,7,Saturday,11,4.0,7.0,1,1
410,Jamie Brown,2025-07-05 14:35:35,2025-07-05 14:44:35,2025-07-05 14:49:35,cancelled,9,5,Saturday,14,9.0,5.0,1,0
411,Taylor Lewis,2025-07-05 17:54:38,2025-07-05 17:55:38,2025-07-05 17:58:38,missed,1,3,Saturday,17,1.0,3.0,1,1
412,Morgan Smith,2025-07-05 17:17:40,2025-07-05 17:19:40,2025-07-05 17:34:40,missed,2,15,Saturday,17,2.0,15.0,1,1
413,Chris Hall,2025-07-05 16:25:41,2025-07-05 16:32:41,2025-07-05 16:34:41,cancelled,7,2,Saturday,16,7.0,2.0,1,0
414,Chris Smith,2025-07-05 11:56:57,2025-07-05 12:06:57,2025-07-05 12:16:57,completed,10,10,Saturday,11,10.0,10.0,1,1
415,Jamie Davis,2025-07-05 14:16:02,2025-07-05 14:22:02,2025-07-05 14:27:02,completed,6,5,Saturday,14,6.0,5.0,1,0
416,Chris Miller,2025-07-05 15:02:38,2025-07-05 15:09:38,2025-07-05 15:16:38,missed,7,7,Saturday,15,7.0,7.0,1,0
417,Sam Miller,2025-07-05 15:51:45,2025-07-05 15:58:45,2025-07-05 16:02:45,missed,7,4,Saturday,15,7.0,4.0,1,0
418,Casey Moore,2025-07-05 14:10:24,2025-07-05 14:11:24,2025-07-05 14:16:24,cancelled,1,5,Saturday,14,1.0,5.0,1,0
419,Casey Taylor,2025-07-05 15:46:00,2025-07-05 15:49:00,2025-07-05 15:56:00,missed,3,7,Saturday,15,3.0,7.0,1,0
420,Alex Smith,2025-07-05 15:35:38,2025-07-05 15:38:38,2025-07-05 15:45:38,cancelled,3,7,Saturday,15,3.0,7.0,1,0
421,Taylor Hall,2025-07-04 10:48:23,2025-07-04 10:57:23,2025-07-04 11:00:23,completed,9,3,Friday,10,9.0,3.0,0,0
422,Alex Davis,2025-07-04 11:09:40,2025-07-04 11:13:40,2025-07-04 11:23:40,missed,4,10,Friday,11,4.0,10.0,0,1
423,Alex Moore,2025-07-04 15:48:29,2025-07-04 15:53:29,2025-07-04 15:59:29,missed,5,6,Friday,15,5.0,6.0,0,0
424,Taylor Brown,2025-07-04 14:20:49,2025-07-04 14:24:49,2025-07-04 14:26:49,cancelled,4,2,Friday,14,4.0,2.0,0,0
425,Chris Wilson,2025-07-04 11:29:01,2025-07-04 11:37:01,2025-07-04 11:41:01,cancelled,8,4,Friday,11,8.0,4.0,0,1
426,Chris Clark,2025-07-04 10:35:58,2025-07-04 10:36:58,2025-07-04 10:46:58,cancelled,1,10,Friday,10,1.0,10.0,0,0
427,Casey Moore,2025-07-04 11:43:15,2025-07-04 11:47:15,2025-07-04 11:51:15,missed,4,4,Friday,11,4.0,4.0,0,1
428,Morgan Lewis,2025-07-04 16:57:56,2025-07-04 16:58:56,2025-07-04 17:05:56,completed,1,7,Friday,16,1.0,7.0,0,0
429,Sam Lewis,2025-07-04 08:29:22,2025-07-04 08:34:22,2025-07-04 08:39:22,completed,5,5,Friday,8,5.0,5.0,0,0
430,Riley Wilson,2025-07-04 12:40:53,2025-07-04 12:47:53,2025-07-04 12:49:53,completed,7,2,Friday,12,7.0,2.0,0,1
431,Taylor Wilson,2025-07-04 08:39:17,2025-07-04 08:49:17,2025-07-04 08:59:17,cancelled,10,10,Friday,8,10.0,10.0,0,0
432,Taylor Brown,2025-07-04 14:46:29,2025-07-04 14:53:29,2025-07-04 15:01:29,missed,7,8,Friday,14,7.0,8.0,0,0
433,Riley Miller,2025-07-04 11:23:13,2025-07-04 11:27:13,2025-07-04 11:30:13,completed,4,3,Friday,11,4.0,3.0,0,1
434,Casey Miller,2025-07-04 12:04:57,2025-07-04 12:06:57,2025-07-04 12:08:57,completed,2,2,Friday,12,2.0,2.0,0,1
435,Taylor Wilson,2025-07-04 11:52:25,2025-07-04 11:55:25,2025-07-04 12:09:25,cancelled,3,14,Friday,11,3.0,14.0,0,1
436,Taylor Moore,2025-07-03 12:44:26,2025-07-03 12:54:26,2025-07-03 12:59:26,missed,10,5,Thursday,12,10.0,5.0,0,1
437,Taylor Davis,2025-07-03 15:03:42,2025-07-03 15:09:42,2025-07-03 15:21:42,missed,6,12,Thursday,15,6.0,12.0,0,0
438,Jordan Smith,2025-07-03 15:09:37,2025-07-03 15:15:37,2025-07-03 15:19:37,missed,6,4,Thursday,15,6.0,4.0,0,0
439,Taylor Davis,2025-07-03 14:09:02,2025-07-03 14:19:02,2025-07-03 14:29:02,completed,10,10,Thursday,14,10.0,10.0,0,0
440,Jamie Taylor,2025-07-03 14:00:59,2025-07-03 14:05:59,2025-07-03 14:11:59,cancelled,5,6,Thursday,14,5.0,6.0,0,0
441,Casey Smith,2025-07-03 08:09:22,2025-07-03 08:10:22,2025-07-03 08:15:22,completed,1,5,Thursday,8,1.0,5.0,0,0
442,Alex Brown,2025-07-03 12:17:13,2025-07-03 12:20:13,2025-07-03 12:27:13,cancelled,3,7,Thursday,12,3.0,7.0,0,1
443,Jamie Brown,2025-07-03 14:50:50,2025-07-03 14:57:50,2025-07-03 15:08:50,cancelled,7,11,Thursday,14,7.0,11.0,0,0
444,Drew Miller,2025-07-03 17:14:33,2025-07-03 17:24:33,2025-07-03 17:38:33,completed,10,14,Thursday,17,10.0,14.0,0,1
445,Chris Smith,2025-07-03 11:18:16,2025-07-03 11:28:16,2025-07-03 11:31:16,missed,10,3,Thursday,11,10.0,3.0,0,1
446,Sam Miller,2025-07-03 12:44:02,2025-07-03 12:45:02,2025-07-03 12:52:02,completed,1,7,Thursday,12,1.0,7.0,0,1
447,Riley Clark,2025-07-03 10:46:11,2025-07-03 10:47:11,2025-07-03 10:49:11,cancelled,1,2,Thursday,10,1.0,2.0,0,0
448,Taylor Taylor,2025-07-03 17:39:30,2025-07-03 17:45:30,2025-07-03 17:51:30,cancelled,6,6,Thursday,17,6.0,6.0,0,1
449,Jamie Taylor,2025-07-03 08:34:10,2025-07-03 08:35:10,2025-07-03 08:40:10,missed,1,5,Thursday,8,1.0,5.0,0,0
450,Chris Miller,2025-07-03 17:56:59,2025-07-03 18:06:59,2025-07-03 18:10:59,missed,10,4,Thursday,17,10.0,4.0,0,1
